Image_URLs,
http://res.cloudinary.com/ddpai9fpa/image/upload/v1516660804/isu8zqke6xoopnemuvvc.jpg,
http://res.cloudinary.com/ddpai9fpa/image/upload/v1516660805/ldie4gmhaqfhw1df1wls.jpg,
http://res.cloudinary.com/ddpai9fpa/image/upload/v1516660805/dvbb5kv3dudxhibqpuni.jpg,
http://res.cloudinary.com/ddpai9fpa/image/upload/v1516660806/inm7ipr8h9ecx1fzcspm.jpg,
http://res.cloudinary.com/ddpai9fpa/image/upload/v1516660806/b6zxz3qntfzrgvinmv3l.jpg,
http://res.cloudinary.com/ddpai9fpa/image/upload/v1516660807/a4qsbfeoujfimzvizwha.jpg,
http://res.cloudinary.com/ddpai9fpa/image/upload/v1516660807/lpqenezik6sy1z9xvtzp.jpg,
http://res.cloudinary.com/ddpai9fpa/image/upload/v1516660808/bsd1pcuceq4uwccxnmo9.jpg,
http://res.cloudinary.com/ddpai9fpa/image/upload/v1516660808/ffs5upywxkvphqw8okyu.jpg,
http://res.cloudinary.com/ddpai9fpa/image/upload/v1516660810/gpjjspzg7uhfvqdghrm8.jpg,
http://res.cloudinary.com/ddpai9fpa/image/upload/v1516660811/sjysmtf8w2dgp4hf9qwk.jpg,
http://res.cloudinary.com/ddpai9fpa/image/upload/v1516660811/y07vl24hivrcebhjlqko.jpg,
http://res.cloudinary.com/ddpai9fpa/image/upload/v1516660812/gppoybgjuclekngbm5zj.jpg,
http://res.cloudinary.com/ddpai9fpa/image/upload/v1516660812/aszdqcvgxwoxjar93xvo.jpg,
http://res.cloudinary.com/ddpai9fpa/image/upload/v1516660813/imte2vnftzhfrdtt3deh.jpg,
http://res.cloudinary.com/ddpai9fpa/image/upload/v1516660813/aqjznnsoa4bvtunepvlt.jpg,
http://res.cloudinary.com/ddpai9fpa/image/upload/v1516660814/liitvnkprdbadvsbxjra.jpg,
http://res.cloudinary.com/ddpai9fpa/image/upload/v1516660814/aexg4w7tw19zaj8umykq.jpg,
http://res.cloudinary.com/ddpai9fpa/image/upload/v1516660815/zze9mchv9ydbkwxamlij.jpg,
http://res.cloudinary.com/ddpai9fpa/image/upload/v1516660815/kcbyrksnbhzrq4ztkbq5.jpg,
http://res.cloudinary.com/ddpai9fpa/image/upload/v1516660816/mgqme992rd0tkfy76i1p.jpg,
http://res.cloudinary.com/ddpai9fpa/image/upload/v1516660816/vfngzpferbgakptkvfrn.jpg,
http://res.cloudinary.com/ddpai9fpa/image/upload/v1516660817/p1y32c0swk9kffd7f3zf.jpg,
http://res.cloudinary.com/ddpai9fpa/image/upload/v1516660817/uohzec1xj4njqlzw7yg2.jpg,
http://res.cloudinary.com/ddpai9fpa/image/upload/v1516660818/u78htkcasarffn4mrzwd.jpg,
http://res.cloudinary.com/ddpai9fpa/image/upload/v1516660819/hs7pze4mbgm1mfekwxvh.jpg,
http://res.cloudinary.com/ddpai9fpa/image/upload/v1516660819/x6ub1bx8hhq9lmv0isij.jpg,
http://res.cloudinary.com/ddpai9fpa/image/upload/v1516660820/ag1vtsjxaj5c70ujvalj.jpg,
http://res.cloudinary.com/ddpai9fpa/image/upload/v1516660820/lzhyxalcjyhqjgwccjpz.jpg,
http://res.cloudinary.com/ddpai9fpa/image/upload/v1516660821/lacyawecry5fk1wthhw6.jpg,
http://res.cloudinary.com/ddpai9fpa/image/upload/v1516660821/wmw2sairkoplcrrekhus.jpg,
http://res.cloudinary.com/ddpai9fpa/image/upload/v1516660822/yvohmzp1gtuhfpuyjri9.jpg,
http://res.cloudinary.com/ddpai9fpa/image/upload/v1516660822/djywdlnrjuraj6y9vylo.jpg,
http://res.cloudinary.com/ddpai9fpa/image/upload/v1516660823/xyjf9d53qxfouj5qosjc.jpg,
http://res.cloudinary.com/ddpai9fpa/image/upload/v1516660824/g2rgxnwtc8me9wsx0hfj.jpg,
http://res.cloudinary.com/ddpai9fpa/image/upload/v1516660825/jssep127sxshcjf1ddnm.jpg,
http://res.cloudinary.com/ddpai9fpa/image/upload/v1516660825/wstqvrs9d68h83wxokzl.jpg,
http://res.cloudinary.com/ddpai9fpa/image/upload/v1516660826/ldjjvns9c8ftdrvlujwg.jpg,
http://res.cloudinary.com/ddpai9fpa/image/upload/v1516660826/uo6hdb5fkzxvj7euxjbi.jpg,
http://res.cloudinary.com/ddpai9fpa/image/upload/v1516660827/p0xgzepd3szhtrjkltxj.jpg,
http://res.cloudinary.com/ddpai9fpa/image/upload/v1516660827/u3nhaszzmwtlvfkbm4wb.jpg,
http://res.cloudinary.com/ddpai9fpa/image/upload/v1516660828/akjbwna9jcra15jbwgyn.jpg,
http://res.cloudinary.com/ddpai9fpa/image/upload/v1516660828/rpzvc1ygzjtdv5w5jhas.jpg,
http://res.cloudinary.com/ddpai9fpa/image/upload/v1516660829/rh986gqzqlzmhcdkwp5w.jpg,
http://res.cloudinary.com/ddpai9fpa/image/upload/v1516660829/dybhwxgiacl3lk9ihzuu.jpg,
http://res.cloudinary.com/ddpai9fpa/image/upload/v1516660830/efunutaz8wscw1ny2ghn.jpg,
http://res.cloudinary.com/ddpai9fpa/image/upload/v1516660830/jk3qyjjnsh9brax2kt8d.jpg,
http://res.cloudinary.com/ddpai9fpa/image/upload/v1516660831/mp3cimasgtgntola3uqg.jpg,
http://res.cloudinary.com/ddpai9fpa/image/upload/v1516660831/rq71cehmymsgdzjmzjck.jpg,
http://res.cloudinary.com/ddpai9fpa/image/upload/v1516660832/qnatuced1qjzvgv4qjdc.jpg,
http://res.cloudinary.com/ddpai9fpa/image/upload/v1516660832/darhwcmycuce3ebmdig5.jpg,
http://res.cloudinary.com/ddpai9fpa/image/upload/v1516660833/hjxtdlrubpku6nya5m36.jpg,
http://res.cloudinary.com/ddpai9fpa/image/upload/v1516660833/rcy2trzclvzj85x4epl6.jpg,
http://res.cloudinary.com/ddpai9fpa/image/upload/v1516660834/pmqgj7fbrdbxyojeh7cv.jpg,
http://res.cloudinary.com/ddpai9fpa/image/upload/v1516660834/wlw4ae0rom3ah07d15vj.jpg,
http://res.cloudinary.com/ddpai9fpa/image/upload/v1516660835/aob3jtbkldn7mgeqqawe.jpg,
http://res.cloudinary.com/ddpai9fpa/image/upload/v1516660835/zdof6yvgdw3vascthqtt.jpg,
http://res.cloudinary.com/ddpai9fpa/image/upload/v1516660836/xxvldacjfi1bcaaq8vey.jpg,
http://res.cloudinary.com/ddpai9fpa/image/upload/v1516660837/urczdffsbckdc9oa8bjm.jpg,
http://res.cloudinary.com/ddpai9fpa/image/upload/v1516660837/tybig1pa3n1n3ar5nf7q.jpg,
http://res.cloudinary.com/ddpai9fpa/image/upload/v1516660838/xnrkkgculamhjvyd3wpd.jpg,
http://res.cloudinary.com/ddpai9fpa/image/upload/v1516660838/i7c9yqtnrovacuhzzupe.jpg,
http://res.cloudinary.com/ddpai9fpa/image/upload/v1516660839/dqinugesv0udndyprae8.jpg,
http://res.cloudinary.com/ddpai9fpa/image/upload/v1516660839/f1lccg5bceyp79ahmovn.jpg,
http://res.cloudinary.com/ddpai9fpa/image/upload/v1516660840/ojjuiianeugtyjrnrpdr.jpg,
http://res.cloudinary.com/ddpai9fpa/image/upload/v1516660840/vj2fbzglvhnxsqnfamwl.jpg,
http://res.cloudinary.com/ddpai9fpa/image/upload/v1516660841/jt4gzjiffccxi7dprge7.jpg,
http://res.cloudinary.com/ddpai9fpa/image/upload/v1516660841/ed7c8wxzmlil9qfmkltk.jpg,
http://res.cloudinary.com/ddpai9fpa/image/upload/v1516660841/jzte41rwldhh6lwunjo2.jpg,
http://res.cloudinary.com/ddpai9fpa/image/upload/v1516660842/gifyly85fnmzepvlbq02.jpg,
http://res.cloudinary.com/ddpai9fpa/image/upload/v1516660843/c50c1nxrkhnzt59zn3h1.jpg,
http://res.cloudinary.com/ddpai9fpa/image/upload/v1516660843/bnt1fqhdqe4aarjhgkuk.jpg,
http://res.cloudinary.com/ddpai9fpa/image/upload/v1516660844/y4k0wizhkkzd86olw1dh.jpg,
http://res.cloudinary.com/ddpai9fpa/image/upload/v1516660844/jtyk5iicgxmfnbwxwfk0.jpg,
http://res.cloudinary.com/ddpai9fpa/image/upload/v1516660845/uwm8sh0hu5tz79xl30vr.jpg,
http://res.cloudinary.com/ddpai9fpa/image/upload/v1516660845/d1s0rmql694dv87wjayg.jpg,
http://res.cloudinary.com/ddpai9fpa/image/upload/v1516660846/mptkaqjmezoqhascfnpe.jpg,
http://res.cloudinary.com/ddpai9fpa/image/upload/v1516660846/qwwtiyjhwacqvxnl1ghc.jpg,
http://res.cloudinary.com/ddpai9fpa/image/upload/v1516660847/re6fbyskm3fmpcxf4ois.jpg,
http://res.cloudinary.com/ddpai9fpa/image/upload/v1516660847/uskykmzdz4r3axpdw4dh.jpg,
http://res.cloudinary.com/ddpai9fpa/image/upload/v1516660848/rla4t4ihsyg2hbk5ripn.jpg,
http://res.cloudinary.com/ddpai9fpa/image/upload/v1516660848/h2pzx0lxyyajbkbb3yu2.jpg,
http://res.cloudinary.com/ddpai9fpa/image/upload/v1516660849/fnasu97guzfjbvjuikah.jpg,
http://res.cloudinary.com/ddpai9fpa/image/upload/v1516660849/grq9sm4rmffiqsoka5ac.jpg,
http://res.cloudinary.com/ddpai9fpa/image/upload/v1516660850/ovszk4hgbbrrxjgkbmfk.jpg,
http://res.cloudinary.com/ddpai9fpa/image/upload/v1516660851/wfy0k5dq0hhp7ik1gppr.jpg,
http://res.cloudinary.com/ddpai9fpa/image/upload/v1516660851/oipmajrwsykq3eqkekv1.jpg,
http://res.cloudinary.com/ddpai9fpa/image/upload/v1516660852/vua14vewpphahrjtfpxc.jpg,
http://res.cloudinary.com/ddpai9fpa/image/upload/v1516660852/joqn71er98uvg3v8v3uf.jpg,
http://res.cloudinary.com/ddpai9fpa/image/upload/v1516660853/hcqz25ibmmvtjmlq4xor.jpg,
http://res.cloudinary.com/ddpai9fpa/image/upload/v1516660853/rydxuvxvavq9xjjyqgaw.jpg,
http://res.cloudinary.com/ddpai9fpa/image/upload/v1516660854/ipotzmlszmtxepkeqahm.jpg,
http://res.cloudinary.com/ddpai9fpa/image/upload/v1516660854/epzswgtywormtxhaotfm.jpg,
http://res.cloudinary.com/ddpai9fpa/image/upload/v1516660855/g9ztn8i9w7e3rmovsplh.jpg,
http://res.cloudinary.com/ddpai9fpa/image/upload/v1516660855/nvx59cep8axfmghutpmq.jpg,
http://res.cloudinary.com/ddpai9fpa/image/upload/v1516660856/yhj5mt9jqsxb2sxptpll.jpg,
http://res.cloudinary.com/ddpai9fpa/image/upload/v1516660856/fmedejhauveiscqgc7lx.jpg,
http://res.cloudinary.com/ddpai9fpa/image/upload/v1516660857/edsqysfslpmd97o1o1mz.jpg,
http://res.cloudinary.com/ddpai9fpa/image/upload/v1516660857/grw1kh6srhcwwxnbfd2l.jpg,
http://res.cloudinary.com/ddpai9fpa/image/upload/v1516660858/h5qy0jrsv2mzoovq91cd.jpg,
http://res.cloudinary.com/ddpai9fpa/image/upload/v1516660858/eejqwne3rup0vz0nxgbf.jpg,
http://res.cloudinary.com/ddpai9fpa/image/upload/v1516660859/vtvjam2wspky9rd6ck3h.jpg,
http://res.cloudinary.com/ddpai9fpa/image/upload/v1516660859/ftv2ayr7sjhsa0ahdkv4.jpg,
http://res.cloudinary.com/ddpai9fpa/image/upload/v1516660860/nws7zqtluuryeshukblg.jpg,
http://res.cloudinary.com/ddpai9fpa/image/upload/v1516660860/dpgssspcp3b1no8ks8lo.jpg,
http://res.cloudinary.com/ddpai9fpa/image/upload/v1516660861/amdufzdffovc2lfvntzu.jpg,
http://res.cloudinary.com/ddpai9fpa/image/upload/v1516660861/cuyq1dcdanrutuffigfj.jpg,
http://res.cloudinary.com/ddpai9fpa/image/upload/v1516660862/t9q22uc7yp4ggsgux9nv.jpg,
http://res.cloudinary.com/ddpai9fpa/image/upload/v1516660862/yvkaijt5kmampe1ilpo4.jpg,
http://res.cloudinary.com/ddpai9fpa/image/upload/v1516660863/yocpthl6tvapz1t7auoz.jpg,
http://res.cloudinary.com/ddpai9fpa/image/upload/v1516660863/dzg2yilgapawrqop5vhv.jpg,
http://res.cloudinary.com/ddpai9fpa/image/upload/v1516660864/kmld069tx8yhsl5rbwe1.jpg,
http://res.cloudinary.com/ddpai9fpa/image/upload/v1516660864/dzr5r1tyldi9ygbfidji.jpg,
http://res.cloudinary.com/ddpai9fpa/image/upload/v1516660865/evj4td1b9wwhppynntdd.jpg,
http://res.cloudinary.com/ddpai9fpa/image/upload/v1516660865/xypaktyzuxlavq5rj5vw.jpg,
http://res.cloudinary.com/ddpai9fpa/image/upload/v1516660866/x5bradpmd3pscrjhdwpk.jpg,
http://res.cloudinary.com/ddpai9fpa/image/upload/v1516660866/ae7ebjogjtrixk5vsz9t.jpg,
http://res.cloudinary.com/ddpai9fpa/image/upload/v1516660867/fubjdlveuykjstodopbz.jpg,
http://res.cloudinary.com/ddpai9fpa/image/upload/v1516660867/olcygfklsx7ok1fhjjaa.jpg,
http://res.cloudinary.com/ddpai9fpa/image/upload/v1516660868/s5axavzqv0pgfkjii9we.jpg,
http://res.cloudinary.com/ddpai9fpa/image/upload/v1516660868/vvthmlmkdenwuvsnhgzn.jpg,
http://res.cloudinary.com/ddpai9fpa/image/upload/v1516660868/bqegctwd2bbj9mu9rrwd.jpg,
http://res.cloudinary.com/ddpai9fpa/image/upload/v1516660869/hxwnhbrkslsnaxqnkcqf.jpg,
http://res.cloudinary.com/ddpai9fpa/image/upload/v1516660869/nv1bgqjcqbe5qofd1xxm.jpg,
http://res.cloudinary.com/ddpai9fpa/image/upload/v1516660870/zq1f7dyezdbdh535iver.jpg,
http://res.cloudinary.com/ddpai9fpa/image/upload/v1516660871/gwwpgtskkybrrrxvv2sk.jpg,
http://res.cloudinary.com/ddpai9fpa/image/upload/v1516660871/m2yvzafswp9ms4kujzca.jpg,
http://res.cloudinary.com/ddpai9fpa/image/upload/v1516660872/vywhpodhfwfq7ao2qpao.jpg,
http://res.cloudinary.com/ddpai9fpa/image/upload/v1516660872/p5ukoullvx3oro9epa39.jpg,
http://res.cloudinary.com/ddpai9fpa/image/upload/v1516660873/r3dm7qqo8o8pbufpmsfw.jpg,
http://res.cloudinary.com/ddpai9fpa/image/upload/v1516660873/jdh43tktrwiyhyuu23ja.jpg,
http://res.cloudinary.com/ddpai9fpa/image/upload/v1516660874/rwsp5b9ivtfkf0kqqst0.jpg,
http://res.cloudinary.com/ddpai9fpa/image/upload/v1516660874/ro5nxialjzbwkt4gartc.jpg,
http://res.cloudinary.com/ddpai9fpa/image/upload/v1516660875/ehjgnpn5ku2xeczglzh1.jpg,
http://res.cloudinary.com/ddpai9fpa/image/upload/v1516660875/jnlkzj9thlj3tck0hyt1.jpg,
http://res.cloudinary.com/ddpai9fpa/image/upload/v1516660876/cr8ry8mogrmr45veapne.jpg,
http://res.cloudinary.com/ddpai9fpa/image/upload/v1516660876/akis1lw1kmglqmqrk4zr.jpg,
http://res.cloudinary.com/ddpai9fpa/image/upload/v1516660877/bd0aib4lfugcpqeaqzng.jpg,
http://res.cloudinary.com/ddpai9fpa/image/upload/v1516660877/eali2w83fy2angbiyadn.jpg,
http://res.cloudinary.com/ddpai9fpa/image/upload/v1516660878/rzkoh4gm2yoiomzl4o0t.jpg,
http://res.cloudinary.com/ddpai9fpa/image/upload/v1516660878/cvv5kgraj4cds9dd52qi.jpg,
http://res.cloudinary.com/ddpai9fpa/image/upload/v1516660879/kthb83wmytevarw737bm.jpg,
http://res.cloudinary.com/ddpai9fpa/image/upload/v1516660879/nywmxtw5ipmjc7yqloyo.jpg,
http://res.cloudinary.com/ddpai9fpa/image/upload/v1516660880/uyiupver1kr3xia8cevo.jpg,
http://res.cloudinary.com/ddpai9fpa/image/upload/v1516660880/xx5alynqg97sum3ipbw7.jpg,
http://res.cloudinary.com/ddpai9fpa/image/upload/v1516660881/roaai0h1j1mkcy7bv7md.jpg,
http://res.cloudinary.com/ddpai9fpa/image/upload/v1516660881/k4meuomdcw1jp4akeybg.jpg,
http://res.cloudinary.com/ddpai9fpa/image/upload/v1516660882/dunewo3isvnu1r8063c4.jpg,
http://res.cloudinary.com/ddpai9fpa/image/upload/v1516660882/kx04ikognacmnyyt6ijc.jpg,
http://res.cloudinary.com/ddpai9fpa/image/upload/v1516660883/lxhnba3f9ih4wvrshujy.jpg,
http://res.cloudinary.com/ddpai9fpa/image/upload/v1516660883/v6hqo4pahtmcfoprlfhp.jpg,
http://res.cloudinary.com/ddpai9fpa/image/upload/v1516660884/cotyrocu4rybso3dpuvl.jpg,
http://res.cloudinary.com/ddpai9fpa/image/upload/v1516660884/atjcxawnex4nzqig79wy.jpg,
http://res.cloudinary.com/ddpai9fpa/image/upload/v1516660885/rsgx2snpuvmatm5i5zn7.jpg,
http://res.cloudinary.com/ddpai9fpa/image/upload/v1516660885/vrew8tnwluswctqbjeft.jpg,
http://res.cloudinary.com/ddpai9fpa/image/upload/v1516660886/qac4vs4vxobjvtvcbklu.jpg,
http://res.cloudinary.com/ddpai9fpa/image/upload/v1516660886/md2uwy94ygsrlrpv7fqg.jpg,
http://res.cloudinary.com/ddpai9fpa/image/upload/v1516660887/ytqaz0p0kkcewgdyzhav.jpg,
http://res.cloudinary.com/ddpai9fpa/image/upload/v1516660887/txiub64q6zt3ni9wl0hn.jpg,
http://res.cloudinary.com/ddpai9fpa/image/upload/v1516660888/r8mnzvu5wck9x8tcahqf.jpg,
http://res.cloudinary.com/ddpai9fpa/image/upload/v1516660888/d2kqaezn4nhqjfwjsefq.jpg,
http://res.cloudinary.com/ddpai9fpa/image/upload/v1516660889/rw6gb4ebj2d3ugeamiyb.jpg,
http://res.cloudinary.com/ddpai9fpa/image/upload/v1516660890/vdu2ixk52rchukvx77er.jpg,
http://res.cloudinary.com/ddpai9fpa/image/upload/v1516660890/iiqdrohnsuhoekzqvnub.jpg,
http://res.cloudinary.com/ddpai9fpa/image/upload/v1516660891/rynypjv4zmsyt0kgm7kh.jpg,
http://res.cloudinary.com/ddpai9fpa/image/upload/v1516660891/gftg0nspnkrfoqf4moil.jpg,
http://res.cloudinary.com/ddpai9fpa/image/upload/v1516660892/xxxpw3t9f5ha7vt5qjzd.jpg,
http://res.cloudinary.com/ddpai9fpa/image/upload/v1516660893/hcfc57i7ufw2f7ggt1wn.jpg,
http://res.cloudinary.com/ddpai9fpa/image/upload/v1516660893/le7leydypvzerlmldhc4.jpg,
http://res.cloudinary.com/ddpai9fpa/image/upload/v1516660894/tig8lm6mkjr072g0xvk4.jpg,
http://res.cloudinary.com/ddpai9fpa/image/upload/v1516660894/qvqooyu5gqt54o16om7r.jpg,
http://res.cloudinary.com/ddpai9fpa/image/upload/v1516660895/loxxtllxxeogbnp6rdsz.jpg,
http://res.cloudinary.com/ddpai9fpa/image/upload/v1516660895/dluojjqlp5mxp8ku9ihj.jpg,
http://res.cloudinary.com/ddpai9fpa/image/upload/v1516660896/hmzxhodmhwser30z870e.jpg,
http://res.cloudinary.com/ddpai9fpa/image/upload/v1516660896/pfmgaytds65vkiyyjtnm.jpg,
http://res.cloudinary.com/ddpai9fpa/image/upload/v1516660897/jk9dcodxydmo6fezt8fs.jpg,
http://res.cloudinary.com/ddpai9fpa/image/upload/v1516660897/t3qq0dkvzay4wlmp1bq0.jpg,
http://res.cloudinary.com/ddpai9fpa/image/upload/v1516660898/vkbtrnktxeqsvejcsacq.jpg,
http://res.cloudinary.com/ddpai9fpa/image/upload/v1516660898/g7q14swhr5gs4xzkgwtb.jpg,
http://res.cloudinary.com/ddpai9fpa/image/upload/v1516660899/iovgzbt3ecb2oa32yhud.jpg,
http://res.cloudinary.com/ddpai9fpa/image/upload/v1516660899/dkoivcrpci9nslvkkd88.jpg,
http://res.cloudinary.com/ddpai9fpa/image/upload/v1516660900/p2fhagbh3mlbrh5ws0jj.jpg,
http://res.cloudinary.com/ddpai9fpa/image/upload/v1516660900/vhdywqo36ltrw6pxabpr.jpg,
http://res.cloudinary.com/ddpai9fpa/image/upload/v1516660901/vgxzjx4hhuxzgh4ivoyl.jpg,
http://res.cloudinary.com/ddpai9fpa/image/upload/v1516660901/hxilysfcopoa3ehnsoio.jpg,
http://res.cloudinary.com/ddpai9fpa/image/upload/v1516660902/k2txybcz9awnfo3ftt6g.jpg,
http://res.cloudinary.com/ddpai9fpa/image/upload/v1516660903/xranymbwaz6mh9arwogs.jpg,
http://res.cloudinary.com/ddpai9fpa/image/upload/v1516660904/mdnnzkkqa8mpxhlsphx7.jpg,
http://res.cloudinary.com/ddpai9fpa/image/upload/v1516660905/un8sswzcnv4saqjngzjt.jpg,
http://res.cloudinary.com/ddpai9fpa/image/upload/v1516660905/nncsdwatbtq8thgttzy8.jpg,
http://res.cloudinary.com/ddpai9fpa/image/upload/v1516660906/pde7d8eldhkla0sqjl73.jpg,
http://res.cloudinary.com/ddpai9fpa/image/upload/v1516660906/at4hjyg9tgdqmdfkrd4i.jpg,
http://res.cloudinary.com/ddpai9fpa/image/upload/v1516660907/e1rjtmqj94gtxflhtxnr.jpg,
http://res.cloudinary.com/ddpai9fpa/image/upload/v1516660907/ty5qsqyc8nq6ppf0k4bq.jpg,
http://res.cloudinary.com/ddpai9fpa/image/upload/v1516660908/kmjhs072dsvfr8w6kq56.jpg,
http://res.cloudinary.com/ddpai9fpa/image/upload/v1516660908/laufapxw6dmssmknv5py.jpg,
http://res.cloudinary.com/ddpai9fpa/image/upload/v1516660909/xggqfkqfcglecmdjflqi.jpg,
http://res.cloudinary.com/ddpai9fpa/image/upload/v1516660909/vmtxyo3h2mlq8l3xr6do.jpg,
http://res.cloudinary.com/ddpai9fpa/image/upload/v1516660910/sul1c1siyngibgyabuuk.jpg,
http://res.cloudinary.com/ddpai9fpa/image/upload/v1516660910/x119dakvqedbbqixpg4q.jpg,
http://res.cloudinary.com/ddpai9fpa/image/upload/v1516660911/jfab8gwcnzjsz3quvcrp.jpg,
http://res.cloudinary.com/ddpai9fpa/image/upload/v1516660911/dfeyq0bbcrh6tmxdshj0.jpg,
http://res.cloudinary.com/ddpai9fpa/image/upload/v1516660912/z4c7mk6jmprnofg771zy.jpg,
http://res.cloudinary.com/ddpai9fpa/image/upload/v1516660912/slb78eyd1qcbnelgx48y.jpg,
http://res.cloudinary.com/ddpai9fpa/image/upload/v1516660913/c8rxpfhhrp8yt0umsq41.jpg,
http://res.cloudinary.com/ddpai9fpa/image/upload/v1516660913/pigmaisauonoteo8fxjf.jpg,
http://res.cloudinary.com/ddpai9fpa/image/upload/v1516660914/nhvuh86leook3aax9tnj.jpg,
http://res.cloudinary.com/ddpai9fpa/image/upload/v1516660914/lwuqjvmwonuf8hlntutx.jpg,
http://res.cloudinary.com/ddpai9fpa/image/upload/v1516660915/d1csvxb6ljqomjpdsddf.jpg,
http://res.cloudinary.com/ddpai9fpa/image/upload/v1516660915/xhfqfz3fvgqa2u1spjun.jpg,
http://res.cloudinary.com/ddpai9fpa/image/upload/v1516660916/k3bqzucllycafiznmcwr.jpg,
http://res.cloudinary.com/ddpai9fpa/image/upload/v1516660916/ekrsjcb5q7gi7gowr3uz.jpg,
http://res.cloudinary.com/ddpai9fpa/image/upload/v1516660917/mjoobhtpjhxkealgc2tn.jpg,
http://res.cloudinary.com/ddpai9fpa/image/upload/v1516660918/exe5snxyvil1nptxeuwj.jpg,
http://res.cloudinary.com/ddpai9fpa/image/upload/v1516660918/qqctokxlcelyitvkrjkn.jpg,
http://res.cloudinary.com/ddpai9fpa/image/upload/v1516660919/spbazwappwnbdgvsd7ni.jpg,
http://res.cloudinary.com/ddpai9fpa/image/upload/v1516660919/dvwvv5bn6zycjmdwboss.jpg,
http://res.cloudinary.com/ddpai9fpa/image/upload/v1516660920/j8ocvl7thbeur3py7f9p.jpg,
http://res.cloudinary.com/ddpai9fpa/image/upload/v1516660920/azierotdfr81ajwrqjjl.jpg,
http://res.cloudinary.com/ddpai9fpa/image/upload/v1516660921/k4ypnxwexfuumk9hw9iq.jpg,
http://res.cloudinary.com/ddpai9fpa/image/upload/v1516660921/znydcunggcc6nzicqtin.jpg,
http://res.cloudinary.com/ddpai9fpa/image/upload/v1516660922/lv8s9jrleucfwsasrei8.jpg,
http://res.cloudinary.com/ddpai9fpa/image/upload/v1516660922/g4wunjnxvueyeioeq4qx.jpg,
http://res.cloudinary.com/ddpai9fpa/image/upload/v1516660923/pv6flodkxzpwmdz7cgbm.jpg,
http://res.cloudinary.com/ddpai9fpa/image/upload/v1516660923/cbgs9xng3vethis2noti.jpg,
http://res.cloudinary.com/ddpai9fpa/image/upload/v1516660924/ctkpuzt64ytks70mfufp.jpg,
http://res.cloudinary.com/ddpai9fpa/image/upload/v1516660924/nr6frqojzbr2tftjkiex.jpg,
http://res.cloudinary.com/ddpai9fpa/image/upload/v1516660925/sgcz1sogw7o3mco8pm6w.jpg,
http://res.cloudinary.com/ddpai9fpa/image/upload/v1516660925/hrnqnny1uo3ru01abhen.jpg,
http://res.cloudinary.com/ddpai9fpa/image/upload/v1516660926/fcduj0nigtubpi80iati.jpg,
http://res.cloudinary.com/ddpai9fpa/image/upload/v1516660926/j3pzcd7ifoclm5htkx3q.jpg,
http://res.cloudinary.com/ddpai9fpa/image/upload/v1516660927/o78d84uc3udvqgyduh5p.jpg,
http://res.cloudinary.com/ddpai9fpa/image/upload/v1516660927/lxlyeefubgmjhxn3o7ra.jpg,
http://res.cloudinary.com/ddpai9fpa/image/upload/v1516660928/draaytv6p6dnthvitnbf.jpg,
http://res.cloudinary.com/ddpai9fpa/image/upload/v1516660928/cc4s9tjlk1h4vn6hvhj2.jpg,
http://res.cloudinary.com/ddpai9fpa/image/upload/v1516660929/tqyl15s9wtt88txstrmn.jpg,
http://res.cloudinary.com/ddpai9fpa/image/upload/v1516660929/qbfz5ms3oyvzxnbkvfwk.jpg,
http://res.cloudinary.com/ddpai9fpa/image/upload/v1516660930/ozrxjjemva3h67ntujg7.jpg,
http://res.cloudinary.com/ddpai9fpa/image/upload/v1516660930/baoa5mrttjitcsebqrml.jpg,
http://res.cloudinary.com/ddpai9fpa/image/upload/v1516660931/tm783e2cqyrdpb1qbpfs.jpg,
http://res.cloudinary.com/ddpai9fpa/image/upload/v1516660931/i0fg61t6iioywdwnvqca.jpg,
http://res.cloudinary.com/ddpai9fpa/image/upload/v1516660932/ysuaos4611phjvmeokd5.jpg,
http://res.cloudinary.com/ddpai9fpa/image/upload/v1516660932/ryp6laboit7dlcnbpciy.jpg,
http://res.cloudinary.com/ddpai9fpa/image/upload/v1516660933/tbhvpa0svo7mmgs6cfb1.jpg,
http://res.cloudinary.com/ddpai9fpa/image/upload/v1516660933/bggi8qdhdnj1tnngze4t.jpg,
http://res.cloudinary.com/ddpai9fpa/image/upload/v1516660934/jwlf0ypsp4e2xlrctdpa.jpg,
http://res.cloudinary.com/ddpai9fpa/image/upload/v1516660934/wzuuvi3izunnxvra3rp0.jpg,
http://res.cloudinary.com/ddpai9fpa/image/upload/v1516660935/woryechpizry4csr513i.jpg,
http://res.cloudinary.com/ddpai9fpa/image/upload/v1516660935/zhfeggz1majbfwslippd.jpg,
http://res.cloudinary.com/ddpai9fpa/image/upload/v1516660936/tsfsfzu2llwxrkinwvdi.jpg,
http://res.cloudinary.com/ddpai9fpa/image/upload/v1516660936/x100xaixkdxcnaluho5h.jpg,
http://res.cloudinary.com/ddpai9fpa/image/upload/v1516660937/jogekp4jpzczkquthjmq.jpg,
http://res.cloudinary.com/ddpai9fpa/image/upload/v1516660937/h5izdwfxcxe6knxbxscm.jpg,
http://res.cloudinary.com/ddpai9fpa/image/upload/v1516660938/ohcwhlx7s3pmh0graigq.jpg,
http://res.cloudinary.com/ddpai9fpa/image/upload/v1516660938/kzmbilicsrk4ot6fdjiq.jpg,
http://res.cloudinary.com/ddpai9fpa/image/upload/v1516660939/nlegtjwl33yfsybub8xx.jpg,
http://res.cloudinary.com/ddpai9fpa/image/upload/v1516660939/lslaa5f4mqtimoezjddq.jpg,
http://res.cloudinary.com/ddpai9fpa/image/upload/v1516660940/aut5rm2thn8mj6sdpvup.jpg,
http://res.cloudinary.com/ddpai9fpa/image/upload/v1516660940/kqxdmyrsfjbhoi97oogg.jpg,
http://res.cloudinary.com/ddpai9fpa/image/upload/v1516660941/yx5u2od0k3cb1qu8rueu.jpg,
http://res.cloudinary.com/ddpai9fpa/image/upload/v1516660941/wt9razpcetdpddbroc7p.jpg,
http://res.cloudinary.com/ddpai9fpa/image/upload/v1516660942/v81z8resiwr2r9lqsuoe.jpg,
http://res.cloudinary.com/ddpai9fpa/image/upload/v1516660942/vmloekt3tk7duwzyugre.jpg,
http://res.cloudinary.com/ddpai9fpa/image/upload/v1516660943/dpkaujucyiwvq3ybdpmg.jpg,
http://res.cloudinary.com/ddpai9fpa/image/upload/v1516660943/r8plyi4wdfd6tl8vimgn.jpg,
http://res.cloudinary.com/ddpai9fpa/image/upload/v1516660944/quyphavykwo6nzxnweso.jpg,
http://res.cloudinary.com/ddpai9fpa/image/upload/v1516660944/bnzjxrlgweaf1wpvtmgv.jpg,
http://res.cloudinary.com/ddpai9fpa/image/upload/v1516660945/qyzihonffof0u9zkr38t.jpg,
http://res.cloudinary.com/ddpai9fpa/image/upload/v1516660945/qvogjqqowsitvsrlir8y.jpg,
http://res.cloudinary.com/ddpai9fpa/image/upload/v1516660946/wztkaazrtqoqoh6yh8e0.jpg,
http://res.cloudinary.com/ddpai9fpa/image/upload/v1516660946/zlea60g3vdpetiza5gqa.jpg,
http://res.cloudinary.com/ddpai9fpa/image/upload/v1516660947/dyav3ff9bp99f5kguokz.jpg,
http://res.cloudinary.com/ddpai9fpa/image/upload/v1516660947/emuhwpejn8uq24exwtzf.jpg,
http://res.cloudinary.com/ddpai9fpa/image/upload/v1516660948/kcr6dbhhdzmcbffvmsat.jpg,
http://res.cloudinary.com/ddpai9fpa/image/upload/v1516660948/tlaexqn5aezlpme3rb6c.jpg,
http://res.cloudinary.com/ddpai9fpa/image/upload/v1516660949/gqpqvtxawuwiqcqjxdow.jpg,
http://res.cloudinary.com/ddpai9fpa/image/upload/v1516660950/kl03ceg2h44olodbnv38.jpg,
http://res.cloudinary.com/ddpai9fpa/image/upload/v1516660950/qw0p0glsgj1hzgjvadzt.jpg,
http://res.cloudinary.com/ddpai9fpa/image/upload/v1516660951/n6ttqba1uqpbmohm5jml.jpg,
http://res.cloudinary.com/ddpai9fpa/image/upload/v1516660951/baqhi5zvdzmzn2wnl9ww.jpg,
http://res.cloudinary.com/ddpai9fpa/image/upload/v1516660952/i7nu9ztpzqacmakaurus.jpg,
http://res.cloudinary.com/ddpai9fpa/image/upload/v1516660952/xx5tkgxdipnfeho2it98.jpg,
http://res.cloudinary.com/ddpai9fpa/image/upload/v1516660954/qyphzjxbrufphu6abskp.jpg,
http://res.cloudinary.com/ddpai9fpa/image/upload/v1516660954/efojh9nnnofempkoqyjr.jpg,
http://res.cloudinary.com/ddpai9fpa/image/upload/v1516660955/lvld8me1jcvcgfzns7to.jpg,
http://res.cloudinary.com/ddpai9fpa/image/upload/v1516660955/nydfk6otergf2uw5xbzf.jpg,
http://res.cloudinary.com/ddpai9fpa/image/upload/v1516660956/fqtjbbuvejznasqakgsa.jpg,
http://res.cloudinary.com/ddpai9fpa/image/upload/v1516660956/owhmes1fux9awlilabcr.jpg,
http://res.cloudinary.com/ddpai9fpa/image/upload/v1516660957/ryb1i0bmcihy0papbmbw.jpg,
http://res.cloudinary.com/ddpai9fpa/image/upload/v1516660957/vmmompdm2hc0p1ffasai.jpg,
http://res.cloudinary.com/ddpai9fpa/image/upload/v1516660957/ic4obp5vq8cxhrcs3tp3.jpg,
http://res.cloudinary.com/ddpai9fpa/image/upload/v1516660958/m9lh0yf0pzqkcpe7oekv.jpg,
http://res.cloudinary.com/ddpai9fpa/image/upload/v1516660958/zlyxl10raszqit0m5rzt.jpg,
http://res.cloudinary.com/ddpai9fpa/image/upload/v1516660959/tmacw8wo1m4xo62moqe2.jpg,
http://res.cloudinary.com/ddpai9fpa/image/upload/v1516660959/ptwwms7gdbeodmzghi3y.jpg,
http://res.cloudinary.com/ddpai9fpa/image/upload/v1516660960/qf964m7iyz26hwkw07tq.jpg,
http://res.cloudinary.com/ddpai9fpa/image/upload/v1516660960/cllc3qupsb1vljy31o5e.jpg,
http://res.cloudinary.com/ddpai9fpa/image/upload/v1516660961/qrzouqf79zp04u8wvppn.jpg,
http://res.cloudinary.com/ddpai9fpa/image/upload/v1516660961/jng3ew20qhmu7jbmsty8.jpg,
http://res.cloudinary.com/ddpai9fpa/image/upload/v1516660962/fhcwcgeak7mkeosx1ulu.jpg,
http://res.cloudinary.com/ddpai9fpa/image/upload/v1516660962/f5jwpm4cxfu1pf19kibb.jpg,
http://res.cloudinary.com/ddpai9fpa/image/upload/v1516660963/cgv17fjh607ptmxdoily.jpg,
http://res.cloudinary.com/ddpai9fpa/image/upload/v1516660963/ubem2lelaqnwgmzk06jq.jpg,
http://res.cloudinary.com/ddpai9fpa/image/upload/v1516660964/geh3rndzmkutlpn9jh1v.jpg,
http://res.cloudinary.com/ddpai9fpa/image/upload/v1516660964/tjfs20be6zvypremohin.jpg,
http://res.cloudinary.com/ddpai9fpa/image/upload/v1516660965/ctn6pqdmhno6fiwek3ic.jpg,
http://res.cloudinary.com/ddpai9fpa/image/upload/v1516660965/bchvc9c5br6bfxoi6scs.jpg,
http://res.cloudinary.com/ddpai9fpa/image/upload/v1516660966/s60lb5opgnkqeokne2o9.jpg,
http://res.cloudinary.com/ddpai9fpa/image/upload/v1516660967/aijp3ks47sdzfe76jk9z.jpg,
http://res.cloudinary.com/ddpai9fpa/image/upload/v1516660967/dowvxgb0k8kqdeqnqe5x.jpg,
http://res.cloudinary.com/ddpai9fpa/image/upload/v1516660968/bcw7s8peo1gbdw1gmwqk.jpg,
http://res.cloudinary.com/ddpai9fpa/image/upload/v1516660969/l71fnbrbdys5w044i4ow.jpg,
http://res.cloudinary.com/ddpai9fpa/image/upload/v1516660969/hmkb5yb529ef5jcotiuz.jpg,
http://res.cloudinary.com/ddpai9fpa/image/upload/v1516660969/op2b7504hxiyugnmxni3.jpg,
http://res.cloudinary.com/ddpai9fpa/image/upload/v1516660970/qkqkfxkqsxc6kwsckupd.jpg,
http://res.cloudinary.com/ddpai9fpa/image/upload/v1516660971/romiqbzryafegk3mkxol.jpg,
http://res.cloudinary.com/ddpai9fpa/image/upload/v1516660971/obrwigjrfnbnjncu7ktp.jpg,
http://res.cloudinary.com/ddpai9fpa/image/upload/v1516660972/trmsv70hch2qobeli9e4.jpg,
http://res.cloudinary.com/ddpai9fpa/image/upload/v1516660972/x5l8y7wx3cw3pof7anqx.jpg,
http://res.cloudinary.com/ddpai9fpa/image/upload/v1516660972/s7gvzxpjvgxlpsxxhhyy.jpg,
http://res.cloudinary.com/ddpai9fpa/image/upload/v1516660973/itzcgljzuwlzdsbckkxf.jpg,
http://res.cloudinary.com/ddpai9fpa/image/upload/v1516660973/unpkvdwimh4mbjd5pvuc.jpg,
http://res.cloudinary.com/ddpai9fpa/image/upload/v1516660974/d9yeu6zm1zv2yoxpmjxn.jpg,
http://res.cloudinary.com/ddpai9fpa/image/upload/v1516660974/tmb3nbeyufidydgxvkiv.jpg,
http://res.cloudinary.com/ddpai9fpa/image/upload/v1516660975/pnbhh2cgl1ax4q5mbics.jpg,
http://res.cloudinary.com/ddpai9fpa/image/upload/v1516660975/ifea3cr6luuwhexecow6.jpg,
http://res.cloudinary.com/ddpai9fpa/image/upload/v1516660976/a3tp3uyjmhfuvthvdjti.jpg,
http://res.cloudinary.com/ddpai9fpa/image/upload/v1516660976/ide7suejye1vmnqx16gr.jpg,
http://res.cloudinary.com/ddpai9fpa/image/upload/v1516660977/tha5vtvfsmakei50ypk5.jpg,
http://res.cloudinary.com/ddpai9fpa/image/upload/v1516660977/hisjoqbzapr8dnzs9csy.jpg,
http://res.cloudinary.com/ddpai9fpa/image/upload/v1516660978/ssvn8ajzpkiatrt1vs3a.jpg,
http://res.cloudinary.com/ddpai9fpa/image/upload/v1516660978/z2iouw9ymd3nv7idbdnc.jpg,
http://res.cloudinary.com/ddpai9fpa/image/upload/v1516660979/zsdwdqtlfjmirgaoqixx.jpg,
http://res.cloudinary.com/ddpai9fpa/image/upload/v1516660979/ndde4abfkzwkn9qjt5g4.jpg,
http://res.cloudinary.com/ddpai9fpa/image/upload/v1516660980/iilrf1lf6safnlw3pgqv.jpg,
http://res.cloudinary.com/ddpai9fpa/image/upload/v1516660980/cv2hiuxl1jsdkyjp0d1d.jpg,
http://res.cloudinary.com/ddpai9fpa/image/upload/v1516660981/ytqj3mczle4qlrp34lef.jpg,
http://res.cloudinary.com/ddpai9fpa/image/upload/v1516660981/zyei88kdpuel10wbzrgk.jpg,
http://res.cloudinary.com/ddpai9fpa/image/upload/v1516660982/qgwrozjbit3ozs1mdch0.jpg,
http://res.cloudinary.com/ddpai9fpa/image/upload/v1516660983/brvxzhk4jzkjgfv2q9ve.jpg,
http://res.cloudinary.com/ddpai9fpa/image/upload/v1516660984/snzgd4doafpom6r1gayv.jpg,
http://res.cloudinary.com/ddpai9fpa/image/upload/v1516660984/vnin5hsnogoi4tqczhcc.jpg,
http://res.cloudinary.com/ddpai9fpa/image/upload/v1516660985/uq4cdljop2vxugiyqf6f.jpg,
http://res.cloudinary.com/ddpai9fpa/image/upload/v1516660985/dhn5rurkcbdcgd1257ya.jpg,
http://res.cloudinary.com/ddpai9fpa/image/upload/v1516660986/yufplhoparlag3pp4x68.jpg,
http://res.cloudinary.com/ddpai9fpa/image/upload/v1516660987/cl1rv9uqpd46rzl3oihd.jpg,
http://res.cloudinary.com/ddpai9fpa/image/upload/v1516660987/w4nihydhctvaknnhpsrs.jpg,
http://res.cloudinary.com/ddpai9fpa/image/upload/v1516660988/lurf7vn9tbnki00vjlnq.jpg,
http://res.cloudinary.com/ddpai9fpa/image/upload/v1516660988/acbutwcwcqcajzvznm7k.jpg,
http://res.cloudinary.com/ddpai9fpa/image/upload/v1516660989/bmacjle2n3mll6pgeozv.jpg,
http://res.cloudinary.com/ddpai9fpa/image/upload/v1516660990/usykldfotr8jocilsgxw.jpg,
http://res.cloudinary.com/ddpai9fpa/image/upload/v1516660990/snvy8xqiazj3snaofftv.jpg,
http://res.cloudinary.com/ddpai9fpa/image/upload/v1516660991/oddaou9zqnazgxwovuud.jpg,
http://res.cloudinary.com/ddpai9fpa/image/upload/v1516660991/kzbekijhqsjdiftet2xn.jpg,
http://res.cloudinary.com/ddpai9fpa/image/upload/v1516660992/an907uyqsrl6z6rm8kbm.jpg,
http://res.cloudinary.com/ddpai9fpa/image/upload/v1516660992/pfrcmznf2twlhvzphxw2.jpg,
http://res.cloudinary.com/ddpai9fpa/image/upload/v1516660992/bpinfuk07zwqaci6nme5.jpg,
http://res.cloudinary.com/ddpai9fpa/image/upload/v1516660993/negd9k3gmrwqg5oiqv06.jpg,
http://res.cloudinary.com/ddpai9fpa/image/upload/v1516660993/yln6zivxjle41togfcir.jpg,
http://res.cloudinary.com/ddpai9fpa/image/upload/v1516660994/yyzd56risjlirswygjop.jpg,
http://res.cloudinary.com/ddpai9fpa/image/upload/v1516660995/anxds69cy0iug9sjjk9w.jpg,
http://res.cloudinary.com/ddpai9fpa/image/upload/v1516660995/m2cuupifwc0q3rlxmb7v.jpg,
http://res.cloudinary.com/ddpai9fpa/image/upload/v1516660995/y29zsr0vhslm4tnhl33w.jpg,
http://res.cloudinary.com/ddpai9fpa/image/upload/v1516660996/xjne0gfkcelc5xihgazm.jpg,
http://res.cloudinary.com/ddpai9fpa/image/upload/v1516660997/fub9jnfo93ttx6tpkmma.jpg,
http://res.cloudinary.com/ddpai9fpa/image/upload/v1516660997/w9cdsw9yhgmz2a5iq8vx.jpg,
http://res.cloudinary.com/ddpai9fpa/image/upload/v1516660998/oxuqx047cpjl2l2s5hqt.jpg,
http://res.cloudinary.com/ddpai9fpa/image/upload/v1516660998/yyvcsvy3pwq0whl0zsdq.jpg,
http://res.cloudinary.com/ddpai9fpa/image/upload/v1516660999/lqg6u2izxemjsfz1v8u9.jpg,
http://res.cloudinary.com/ddpai9fpa/image/upload/v1516660999/qjfsexj5rfwh6g6l0a2s.jpg,
http://res.cloudinary.com/ddpai9fpa/image/upload/v1516661000/qfczxp6k95oejf4s2fnb.jpg,
http://res.cloudinary.com/ddpai9fpa/image/upload/v1516661000/hnb9stvmnfagqixi3z0s.jpg,
http://res.cloudinary.com/ddpai9fpa/image/upload/v1516661001/acrpxbaddijy0oyggfgt.jpg,
http://res.cloudinary.com/ddpai9fpa/image/upload/v1516661001/uw4psixl4l4xudlvreca.jpg,
http://res.cloudinary.com/ddpai9fpa/image/upload/v1516661002/ergkac4ne57b2it9kffa.jpg,
http://res.cloudinary.com/ddpai9fpa/image/upload/v1516661002/dpz7h0bhcu86bqkmyhsv.jpg,
http://res.cloudinary.com/ddpai9fpa/image/upload/v1516661003/h5et98vg1phqnpmdhfr4.jpg,
http://res.cloudinary.com/ddpai9fpa/image/upload/v1516661003/v4wznjyx1rq4ror9hcsd.jpg,
http://res.cloudinary.com/ddpai9fpa/image/upload/v1516661004/vbyoldp1wuxynhxxhlqq.jpg,
http://res.cloudinary.com/ddpai9fpa/image/upload/v1516661004/ghopvvlbbuglq3gnvpxc.jpg,
http://res.cloudinary.com/ddpai9fpa/image/upload/v1516661005/izotn4o8c48yztzae9en.jpg,
http://res.cloudinary.com/ddpai9fpa/image/upload/v1516661005/z17ktalxdr10qbx0zjsr.jpg,
http://res.cloudinary.com/ddpai9fpa/image/upload/v1516661006/tzafpoxl2f1rtkqw7hkr.jpg,
http://res.cloudinary.com/ddpai9fpa/image/upload/v1516661006/wtzngxidkxfau4cftx1g.jpg,
http://res.cloudinary.com/ddpai9fpa/image/upload/v1516661007/ijyx1hpcbkogpixazu8v.jpg,
http://res.cloudinary.com/ddpai9fpa/image/upload/v1516661007/g5bqnzqpa15br24x7bm6.jpg,
http://res.cloudinary.com/ddpai9fpa/image/upload/v1516661008/emtjv5ayqmq0nvmjzgqj.jpg,
http://res.cloudinary.com/ddpai9fpa/image/upload/v1516661008/tlzo85o8vzutsqczhawi.jpg,
http://res.cloudinary.com/ddpai9fpa/image/upload/v1516661009/mi8sv5nggds45blnqtjg.jpg,
http://res.cloudinary.com/ddpai9fpa/image/upload/v1516661010/igrrqzedprww77o7zsoj.jpg,
http://res.cloudinary.com/ddpai9fpa/image/upload/v1516661010/c6u2goj5hdbfbxmsuqnr.jpg,
http://res.cloudinary.com/ddpai9fpa/image/upload/v1516661011/uggtnfrxx9i8co8nlgua.jpg,
http://res.cloudinary.com/ddpai9fpa/image/upload/v1516661012/kgtuiy2rxbwufsuinbqp.jpg,
http://res.cloudinary.com/ddpai9fpa/image/upload/v1516661012/bzo54y7pvafnhvw6d6di.jpg,
http://res.cloudinary.com/ddpai9fpa/image/upload/v1516661013/j26ty9e37phirmqikcln.jpg,
http://res.cloudinary.com/ddpai9fpa/image/upload/v1516661013/mdt2tx6cjfquzutqhw4h.jpg,
http://res.cloudinary.com/ddpai9fpa/image/upload/v1516661014/qda4bpoxoheubyxu7pyn.jpg,
http://res.cloudinary.com/ddpai9fpa/image/upload/v1516661014/sy4o0lludcjsmr82pnqg.jpg,
http://res.cloudinary.com/ddpai9fpa/image/upload/v1516661015/off9wf712ii8tlmkavyg.jpg,
http://res.cloudinary.com/ddpai9fpa/image/upload/v1516661015/nkbdhizf4khgk1zcqizn.jpg,
http://res.cloudinary.com/ddpai9fpa/image/upload/v1516661016/jkccetbezshwkbqv0rab.jpg,
http://res.cloudinary.com/ddpai9fpa/image/upload/v1516661017/uuswif5es0l5zsdrfnie.jpg,
http://res.cloudinary.com/ddpai9fpa/image/upload/v1516661017/e6naysc7goremxknhifq.jpg,
http://res.cloudinary.com/ddpai9fpa/image/upload/v1516661018/lwgwrntobl9hloshqjms.jpg,
http://res.cloudinary.com/ddpai9fpa/image/upload/v1516661018/pjw73jlpaawfmwnhgxru.jpg,
http://res.cloudinary.com/ddpai9fpa/image/upload/v1516661019/gyyvrkjwdeur97yehwdt.jpg,
http://res.cloudinary.com/ddpai9fpa/image/upload/v1516661019/n7nvbhjwevvhlpaimxgn.jpg,
http://res.cloudinary.com/ddpai9fpa/image/upload/v1516661020/p9qwchvbyzbq8jwjnv7h.jpg,
http://res.cloudinary.com/ddpai9fpa/image/upload/v1516661021/wel8na78ubmrorgzhqlt.jpg,
http://res.cloudinary.com/ddpai9fpa/image/upload/v1516661021/ab8ycruxnnmd2izmqyzl.jpg,
http://res.cloudinary.com/ddpai9fpa/image/upload/v1516661022/dx6rygzpnmyglpaselyu.jpg,
http://res.cloudinary.com/ddpai9fpa/image/upload/v1516661022/i1tlnh9g9p2nknkz6lwd.jpg,
http://res.cloudinary.com/ddpai9fpa/image/upload/v1516661023/zozznuaqnzc7lzatfbjp.jpg,
http://res.cloudinary.com/ddpai9fpa/image/upload/v1516661023/a5ksw0expsaeo4wcehjj.jpg,
http://res.cloudinary.com/ddpai9fpa/image/upload/v1516661024/uppkkxejjzbklxllyymx.jpg,
http://res.cloudinary.com/ddpai9fpa/image/upload/v1516661024/jlysdmgieg3hvhypojqa.jpg,
http://res.cloudinary.com/ddpai9fpa/image/upload/v1516661025/e2lmlttfzpsyjzxt5jvx.jpg,
http://res.cloudinary.com/ddpai9fpa/image/upload/v1516661026/zizojblbbqccwqjudzqd.jpg,
http://res.cloudinary.com/ddpai9fpa/image/upload/v1516661026/x0pphck0u2ohu3kzksco.jpg,
http://res.cloudinary.com/ddpai9fpa/image/upload/v1516661027/vi2eksdfmvb3hdvi2ckg.jpg,
http://res.cloudinary.com/ddpai9fpa/image/upload/v1516661027/jt2fdyhp7574rwjph2jn.jpg,
http://res.cloudinary.com/ddpai9fpa/image/upload/v1516661028/jocjbnsbtxhtnkhgrzgf.jpg,
http://res.cloudinary.com/ddpai9fpa/image/upload/v1516661028/ywvhents7qtyhcygvkrb.jpg,
http://res.cloudinary.com/ddpai9fpa/image/upload/v1516661029/rvnjgqpfoeqsutkbeznj.jpg,
http://res.cloudinary.com/ddpai9fpa/image/upload/v1516661029/rmlby2tlp1etzfrsoo5e.jpg,
http://res.cloudinary.com/ddpai9fpa/image/upload/v1516661030/okhcpjuj7hxbgmzpaicw.jpg,
http://res.cloudinary.com/ddpai9fpa/image/upload/v1516661030/spwzefzcg5qpb8hssb0x.jpg,
http://res.cloudinary.com/ddpai9fpa/image/upload/v1516661031/ksbz8d9tcvcvixcujmqj.jpg,
http://res.cloudinary.com/ddpai9fpa/image/upload/v1516661031/lsi0zp7owf8elaoegwua.jpg,
http://res.cloudinary.com/ddpai9fpa/image/upload/v1516661032/xgybqgx67ymfpkcyoip1.jpg,
http://res.cloudinary.com/ddpai9fpa/image/upload/v1516661032/trjjdahumspbjrchnteh.jpg,
http://res.cloudinary.com/ddpai9fpa/image/upload/v1516661033/k5euvrm1j8ftnxsshpmc.jpg,
http://res.cloudinary.com/ddpai9fpa/image/upload/v1516661033/p759n1x9ovojzhxb8lf5.jpg,
http://res.cloudinary.com/ddpai9fpa/image/upload/v1516661034/sjvzrxjk6efwwuaqhems.jpg,
http://res.cloudinary.com/ddpai9fpa/image/upload/v1516661034/g8bfdx2deagr9hgl9nwp.jpg,
http://res.cloudinary.com/ddpai9fpa/image/upload/v1516661035/z0pqzgbcetzdzqwt48rd.jpg,
http://res.cloudinary.com/ddpai9fpa/image/upload/v1516661035/vup8ce9xvxjmleop73m4.jpg,
http://res.cloudinary.com/ddpai9fpa/image/upload/v1516661036/lec81fwjnjdevvcaems3.jpg,
http://res.cloudinary.com/ddpai9fpa/image/upload/v1516661036/wukrx3qgqazlwnvxo770.jpg,
http://res.cloudinary.com/ddpai9fpa/image/upload/v1516661037/xmmhp6r0gzndnk1hd3mm.jpg,
http://res.cloudinary.com/ddpai9fpa/image/upload/v1516661037/yjxazo0bqtjya8iu9vke.jpg,
http://res.cloudinary.com/ddpai9fpa/image/upload/v1516661038/z633lm9cgfivhzwrzc6d.jpg,
http://res.cloudinary.com/ddpai9fpa/image/upload/v1516661038/texsawf0kl5laqenst6f.jpg,
http://res.cloudinary.com/ddpai9fpa/image/upload/v1516661039/vd6wz17wx0sbqkkwut1t.jpg,
http://res.cloudinary.com/ddpai9fpa/image/upload/v1516661039/qankijlwrmtxoi0wpnmj.jpg,
http://res.cloudinary.com/ddpai9fpa/image/upload/v1516661039/wunxoskrdf3ztjlpkdbt.jpg,
http://res.cloudinary.com/ddpai9fpa/image/upload/v1516661040/iiedyrisyb9tb09dzp7q.jpg,
http://res.cloudinary.com/ddpai9fpa/image/upload/v1516661040/by1j1xr6fydwl84ux7js.jpg,
http://res.cloudinary.com/ddpai9fpa/image/upload/v1516661041/cyk3ktdjm304dlma2zlu.jpg,
http://res.cloudinary.com/ddpai9fpa/image/upload/v1516661042/abule8w4lhfd3cwz5d7l.jpg,
http://res.cloudinary.com/ddpai9fpa/image/upload/v1516661042/iuyq1jnhfxdwifzm2ymm.jpg,
http://res.cloudinary.com/ddpai9fpa/image/upload/v1516661043/baz3ns3g2s0sdh0spumv.jpg,
http://res.cloudinary.com/ddpai9fpa/image/upload/v1516661043/xyum0zuifqu2n76vvr8n.jpg,
http://res.cloudinary.com/ddpai9fpa/image/upload/v1516661044/gs7xgshpv49jk4wby3vi.jpg,
http://res.cloudinary.com/ddpai9fpa/image/upload/v1516661044/n34anud0nummc6jedbwa.jpg,
http://res.cloudinary.com/ddpai9fpa/image/upload/v1516661045/liad2vranjiu63ilmw35.jpg,
http://res.cloudinary.com/ddpai9fpa/image/upload/v1516661045/cjsadyauqpejksi3zsxt.jpg,
http://res.cloudinary.com/ddpai9fpa/image/upload/v1516661046/dnxzhdalatpzekqnmtzz.jpg,
http://res.cloudinary.com/ddpai9fpa/image/upload/v1516661046/nd0jattuhdppxvwkkiki.jpg,
http://res.cloudinary.com/ddpai9fpa/image/upload/v1516661047/fa7bwfz8hhdqavzowcbz.jpg,
http://res.cloudinary.com/ddpai9fpa/image/upload/v1516661047/fyrdrgzm70ctnxawqykb.jpg,
http://res.cloudinary.com/ddpai9fpa/image/upload/v1516661048/dj9jwotcbkasczsv97ww.jpg,
http://res.cloudinary.com/ddpai9fpa/image/upload/v1516661049/z2qo1pvwyizkocv9xubt.jpg,
http://res.cloudinary.com/ddpai9fpa/image/upload/v1516661049/iysefflpnacv0hkokknq.jpg,
http://res.cloudinary.com/ddpai9fpa/image/upload/v1516661050/ogqxtc1e3f1oi9bolxw6.jpg,
http://res.cloudinary.com/ddpai9fpa/image/upload/v1516661050/nampsks5dul2s81nqyfc.jpg,
http://res.cloudinary.com/ddpai9fpa/image/upload/v1516661051/ixpiudazs15h95lgsskp.jpg,
http://res.cloudinary.com/ddpai9fpa/image/upload/v1516661051/ub8u7twhz45dgjjqo86a.jpg,
http://res.cloudinary.com/ddpai9fpa/image/upload/v1516661052/mpgjpuymvnmosalql6so.jpg,
http://res.cloudinary.com/ddpai9fpa/image/upload/v1516661052/veyu184c8pgsgbj2kncx.jpg,
http://res.cloudinary.com/ddpai9fpa/image/upload/v1516661053/fd7ate5blwpbx64lrwak.jpg,
http://res.cloudinary.com/ddpai9fpa/image/upload/v1516661053/su6qvw3eisuq6tditzis.jpg,
http://res.cloudinary.com/ddpai9fpa/image/upload/v1516661054/swkbpc07iduuab6bdz8g.jpg,
http://res.cloudinary.com/ddpai9fpa/image/upload/v1516661054/p35ii07ybuuokqhbwgzn.jpg,
http://res.cloudinary.com/ddpai9fpa/image/upload/v1516661055/tlpsewfawqqpsxznjq8s.jpg,
http://res.cloudinary.com/ddpai9fpa/image/upload/v1516661055/prgct3lk2ionbcmzsj99.jpg,
http://res.cloudinary.com/ddpai9fpa/image/upload/v1516661056/m37byfuoj2gxxo32r1ku.jpg,
http://res.cloudinary.com/ddpai9fpa/image/upload/v1516661056/uvvlwhu09jh2ddn9qquc.jpg,
http://res.cloudinary.com/ddpai9fpa/image/upload/v1516661057/vngawhpfjccjvxlamcnf.jpg,
http://res.cloudinary.com/ddpai9fpa/image/upload/v1516661057/lrq0cmjl0rot74fcnypo.jpg,
http://res.cloudinary.com/ddpai9fpa/image/upload/v1516661058/yzwpna8evehuebizh9ji.jpg,
http://res.cloudinary.com/ddpai9fpa/image/upload/v1516661058/ancky0z32vh5ee563bxz.jpg,
http://res.cloudinary.com/ddpai9fpa/image/upload/v1516661059/z4auspemutuwrtv90zxz.jpg,
http://res.cloudinary.com/ddpai9fpa/image/upload/v1516661059/q5snwsqdoeqxmc0magn2.jpg,
http://res.cloudinary.com/ddpai9fpa/image/upload/v1516661060/ickg5eg2l6nlwb3dp43b.jpg,
http://res.cloudinary.com/ddpai9fpa/image/upload/v1516661060/xofonsm47yn24gxe5cjv.jpg,
http://res.cloudinary.com/ddpai9fpa/image/upload/v1516661061/o6nxu8k8m1rt6lgnxysa.jpg,
http://res.cloudinary.com/ddpai9fpa/image/upload/v1516661061/sqimowpuffhjg8hmdt7n.jpg,
http://res.cloudinary.com/ddpai9fpa/image/upload/v1516661062/d8h4xo0thkdl61har4iv.jpg,
http://res.cloudinary.com/ddpai9fpa/image/upload/v1516661062/gfntughwcehxvcqdyfrd.jpg,
http://res.cloudinary.com/ddpai9fpa/image/upload/v1516661063/nph84p9lyexcz4ttrryr.jpg,
http://res.cloudinary.com/ddpai9fpa/image/upload/v1516661063/nmpmg69tceheiu0jijy0.jpg,
http://res.cloudinary.com/ddpai9fpa/image/upload/v1516661064/kknn8gtxjhe29rl0jvgf.jpg,
http://res.cloudinary.com/ddpai9fpa/image/upload/v1516661064/eqnrrjdb6fuudzgcc9xg.jpg,
http://res.cloudinary.com/ddpai9fpa/image/upload/v1516661065/lsz0oscv3lim1n0undps.jpg,
http://res.cloudinary.com/ddpai9fpa/image/upload/v1516661065/uw3zauxjd7ewztpqcaax.jpg,
http://res.cloudinary.com/ddpai9fpa/image/upload/v1516661066/k7o35mxtd0shag68bzbb.jpg,
http://res.cloudinary.com/ddpai9fpa/image/upload/v1516661066/hjbvufrsmjhczzvbzqlm.jpg,
http://res.cloudinary.com/ddpai9fpa/image/upload/v1516661067/jy9ixuddrqxo3j3f3iqy.jpg,
http://res.cloudinary.com/ddpai9fpa/image/upload/v1516661068/dmkkhybwozmwfxxcogvv.jpg
